               epoch,      train/box_loss,      train/obj_loss,      train/cls_loss,   metrics/precision,      metrics/recall,     metrics/mAP_0.5,metrics/mAP_0.5:0.95,        val/box_loss,        val/obj_loss,        val/cls_loss,               x/lr0,               x/lr1,               x/lr2
                   0,            0.060489,            0.016705,                   0,             0.90586,             0.84397,             0.89764,             0.45608,            0.037563,           0.0052974,                   0,            0.070091,           0.0033233,           0.0033233
                   1,            0.036313,            0.009632,                   0,             0.96826,              0.9015,              0.9619,             0.56833,            0.031478,           0.0042211,                   0,            0.036796,           0.0033616,           0.0033616
